GeoName,year,Compensation of employees,Gross domestic product (GDP) by state,Gross operating surplus,Per capita real GDP by state,Quantity indexes for real GDP by state,Real GDP by state,Subsidies,Taxes on production and imports,Taxes on production and imports less subsidies
Alabama,1997,61240,104309,36814,31465,81.042,137437,-328,6582,6255
Alaska,1997,12205,25763,11234,62577,75.935,38358,-62,2386,2324
Arizona,1997,69886,132795,54249,34485,67.195,163353,-383,9044,8661
Arkansas,1997,32852,60248,23415,30470,79.178,79256,-298,4279,3982
California,1997,574394,1082051,441963,41314,70.134,1342133,-5725,71419,65694
Colorado,1997,75718,136296,52500,43632,70.108,175327,-492,8571,8079
Connecticut,1997,77541,140127,52284,54783,81.162,183487,-433,10735,10302
Delaware,1997,15596,33911,16800,57373,76.481,43115,-101,1615,1515
District of Columbia,1997,35728,51682,14477,131750,75.602,74799,-407,1884,1477
Florida,1997,221833,403677,143789,35611,74.910,540793,-1450,39505,38055
Georgia,1997,132123,242669,95179,41289,78.790,317309,-783,16151,15367
Hawaii,1997,21077,37915,13814,44161,82.337,53507,-198,3222,3024
Idaho,1997,16211,29686,11533,28973,66.121,35594,-149,2092,1943
Illinois,1997,236979,422741,157959,45613,86.852,555822,-1758,29561,27803
Indiana,1997,98515,172949,63735,37398,84.561,222718,-459,11158,10699
Iowa,1997,43345,83743,35334,37300,78.947,107838,-550,5614,5064
Kansas,1997,42555,75239,27454,37394,80.489,98544,-356,5586,5230
Kentucky,1997,55471,105103,41893,35384,89.591,139864,-301,8040,7739
Louisiana,1997,60450,118073,48963,40661,85.804,179765,-328,8988,8660
Maine,1997,17782,30675,9931,33011,82.477,41422,-88,3050,2962
Maryland,1997,92265,160965,59248,41929,71.305,216242,-637,10088,9451
Massachusetts,1997,135064,237390,91124,47225,76.820,294027,-964,12167,11203
Michigan,1997,179280,301805,104132,39314,105.249,385632,-759,19153,18393
Minnesota,1997,92308,157206,54350,42629,78.263,203061,-612,11160,10548
Mississippi,1997,32692,58657,21373,28368,85.461,78779,-235,4828,4592
Missouri,1997,91502,163749,62464,39749,87.298,217873,-517,10300,9783
Montana,1997,10385,19196,7378,30009,75.000,26704,-112,1546,1434
Nebraska,1997,27471,50719,19937,39468,76.776,66560,-359,3670,3311
Nevada,1997,32792,59468,21920,47622,70.312,84010,-161,4917,4756
New Hampshire,1997,20264,37992,15059,39215,76.867,46644,-86,2756,2670
New Jersey,1997,170031,308631,113614,49674,84.319,408258,-1177,26164,24986
New Mexico,1997,23034,52460,26101,36181,77.658,64216,-156,3481,3325
New York,1997,385794,714244,278010,49027,79.960,914684,-4548,54988,50440
North Carolina,1997,126822,232815,91680,39424,73.821,301863,-743,15055,14313
North Dakota,1997,8765,15815,5762,31924,64.088,20741,-163,1451,1288
Ohio,1997,196667,342183,123956,39495,93.199,445400,-958,22518,21560
Oklahoma,1997,43764,79527,30495,32363,76.133,109159,-243,5512,5268
Oregon,1997,56278,101039,40197,34053,62.090,112521,-469,5032,4563
Pennsylvania,1997,203644,355574,129093,38830,83.628,474808,-1346,24183,22836
Rhode Island,1997,16463,28890,10101,37740,80.956,38697,-107,2433,2325
South Carolina,1997,55641,98354,36144,34141,81.823,131772,-248,6817,6569
South Dakota,1997,9664,19233,8137,30781,62.754,22908,-192,1624,1432
Tennessee,1997,86770,154693,56925,36870,81.980,202754,-386,11384,10998
Texas,1997,316652,613463,251268,41305,69.602,815370,-1638,47181,45544
Utah,1997,32566,57159,21118,35632,65.953,75533,-163,3637,3474
Vermont,1997,8893,15529,5261,32684,77.392,19520,-58,1433,1375
Virginia,1997,125331,218905,79970,43069,71.768,294123,-599,14204,13605
Washington,1997,104358,194856,73424,45938,74.203,260686,-836,17910,17074
West Virginia,1997,21790,38677,13805,30443,87.230,55378,-86,3168,3082
Wisconsin,1997,92251,155603,51940,38770,83.058,204170,-556,11967,11412
Wyoming,1997,7010,14760,6387,46657,61.365,22836,-48,1411,1363
Alabama,1998,64328,109776,38677,32310,83.919,142314,-417,7188,6771
Alaska,1998,12867,24067,9320,59566,73.103,36927,-56,1936,1880
Arizona,1998,77077,143542,57498,36281,72.880,177174,-469,9437,8968
Arkansas,1998,34991,62695,23732,30834,80.900,80979,-385,4356,3971
California,1998,625228,1158822,464752,43329,74.690,1429321,-6040,74881,68841
Colorado,1998,83925,149057,56524,46149,75.967,189980,-584,9192,8608
Connecticut,1998,82949,147616,53842,56336,83.861,189590,-425,11249,10824
Delaware,1998,16838,35955,17501,59129,80.063,45135,-109,1725,1616
District of Columbia,1998,37436,53891,14856,134340,76.748,75933,-359,1958,1599
Florida,1998,240668,431374,149502,36629,78.575,567257,-1745,42949,41204
Georgia,1998,145024,264225,103084,43110,84.176,339000,-907,17024,16117
Hawaii,1998,21556,37627,13038,42644,79.745,51823,-197,3230,3032
Idaho,1998,17260,31152,11958,29672,69.027,37159,-246,2180,1934
Illinois,1998,254277,443392,160892,46720,89.589,573339,-1791,30014,28223
Indiana,1998,105720,187005,70560,39431,89.809,236540,-515,11241,10725
Iowa,1998,46742,85833,33931,37466,79.621,108758,-628,5787,5160
Kansas,1998,45739,79114,27952,38333,83.302,101988,-439,5862,5422
Kentucky,1998,58746,109859,43285,36086,92.125,143818,-392,8220,7828
Louisiana,1998,64298,121548,48201,41771,88.530,185477,-330,9379,9049
Maine,1998,18852,32177,10185,33755,84.627,42501,-106,3246,3141
Maryland,1998,99077,171402,62121,43467,74.596,226225,-613,10817,10204
Massachusetts,1998,146104,249401,91370,48828,80.012,306242,-949,12875,11926
Michigan,1998,190507,315171,104360,40095,107.766,394856,-799,21103,20304
Minnesota,1998,100693,167915,56112,44442,82.448,213920,-863,11973,11110
Mississippi,1998,35002,61220,21116,28760,87.510,80668,-283,5385,5102
Missouri,1998,96839,169799,62673,40099,88.718,221417,-536,10823,10286
Montana,1998,10952,20208,7810,31017,77.744,27681,-140,1586,1445
Nebraska,1998,29227,52548,20184,39955,78.155,67756,-477,3613,3137
Nevada,1998,36099,63934,22771,47529,73.719,88081,-172,5236,5064
New Hampshire,1998,22070,40169,15326,41097,81.675,49561,-88,2861,2773
New Jersey,1998,182722,320905,111315,50238,85.989,416347,-1122,27990,26868
New Mexico,1998,24248,50519,22967,35611,77.236,63867,-204,3508,3304
New York,1998,413482,739583,276989,49728,81.534,932688,-4013,53126,49113
North Carolina,1998,136409,244146,92988,39861,76.123,311278,-851,15600,14749
North Dakota,1998,9239,16858,6421,33717,67.460,21833,-266,1464,1198
Ohio,1998,208509,360273,129523,40746,96.442,460897,-1028,23269,22240
Oklahoma,1998,46663,81533,29616,32700,77.661,111351,-288,5542,5254
Oregon,1998,59646,105525,41419,35257,65.222,118197,-531,4992,4461
Pennsylvania,1998,216691,372396,131861,39869,85.989,488217,-1356,25199,23843
Rhode Island,1998,17520,30529,10633,38856,83.823,40067,-98,2474,2376
South Carolina,1998,59818,104676,37689,34960,85.079,137016,-275,7444,7169
South Dakota,1998,10319,20445,8725,32505,66.432,24250,-283,1683,1400
Tennessee,1998,92281,167243,63633,38553,86.827,214743,-403,11732,11329
Texas,1998,349074,653512,254521,43372,74.631,874278,-1900,51818,49917
Utah,1998,34977,61503,22478,36907,69.801,79940,-192,4241,4049
Vermont,1998,9475,16119,5243,33451,79.631,20085,-69,1469,1400
Virginia,1998,135302,233908,84375,44668,75.215,308247,-634,14865,14231
Washington,1998,115241,211448,78435,48017,78.856,277036,-951,18722,17771
West Virginia,1998,22559,39793,14114,30904,88.383,56110,-84,3204,3120
Wisconsin,1998,98127,164337,54622,39857,85.898,211150,-700,12289,11589
Wyoming,1998,7358,14909,6093,47475,62.610,23300,-58,1516,1459
Alabama,1999,67400,115704,41397,33345,87.107,147721,-625,7532,6907
Alaska,1999,13115,24727,9752,58707,72.611,36679,-61,1920,1859
Arizona,1999,82707,156118,63648,38317,79.184,192497,-623,10387,9764
Arkansas,1999,36847,67087,25624,32160,85.202,85285,-618,5233,4616
California,1999,681110,1258697,505987,45870,80.295,1536594,-8017,79616,71600
Colorado,1999,91868,162273,61247,48192,81.437,203660,-786,9945,9158
Connecticut,1999,87781,153781,54991,57418,86.007,194440,-467,11475,11009
Delaware,1999,17931,39053,19458,62710,86.209,48600,-138,1803,1664
District of Columbia,1999,40531,58088,15937,139367,80.322,79469,-366,1986,1621
Florida,1999,256200,459431,160102,37588,82.053,592366,-2250,45380,43130
Georgia,1999,156096,287670,114182,44998,89.899,362049,-1213,18605,17391
Hawaii,1999,22224,39177,13932,43390,80.811,52515,-233,3254,3021
Idaho,1999,18518,34390,14000,32004,75.841,40827,-433,2306,1873
Illinois,1999,268835,465795,166513,47951,92.603,592630,-1871,32318,30447
Indiana,1999,112245,195668,72152,40389,92.698,244149,-570,11841,11271
Iowa,1999,49183,88936,34373,38058,81.291,111040,-714,6094,5380
Kansas,1999,48385,82944,29190,39230,85.821,105071,-608,5977,5370
Kentucky,1999,62888,115931,45224,37036,95.324,148813,-533,8352,7819
Louisiana,1999,65745,127230,52186,42373,90.221,189020,-427,9727,9300
Maine,1999,20145,34350,11177,35119,88.585,44489,-143,3171,3028
Maryland,1999,105936,181987,65618,44780,77.587,235295,-697,11129,10432
Massachusetts,1999,158500,264906,93774,51024,84.217,322339,-994,13626,12632
Michigan,1999,202962,338889,115584,41956,113.330,415242,-998,21340,20342
Minnesota,1999,107150,176966,58905,45580,85.615,222136,-946,11858,10912
Mississippi,1999,36636,64142,22404,29321,89.966,82932,-410,5512,5102
Missouri,1999,102614,177924,64459,40917,91.187,227580,-591,11443,10851
Montana,1999,11409,20834,8066,31337,78.992,28125,-212,1571,1359
Nebraska,1999,30999,54427,20398,40643,79.920,69286,-649,3679,3030
Nevada,1999,39669,70376,25207,48817,79.047,94446,-200,5700,5500
New Hampshire,1999,23476,41229,14738,41440,83.454,50641,-101,3115,3014
New Jersey,1999,191687,336975,117707,51394,88.734,429636,-1207,28788,27581
New Mexico,1999,25054,53210,24801,37455,81.898,67723,-317,3672,3355
New York,1999,438047,785301,296198,51818,85.536,978463,-4210,55265,51056
North Carolina,1999,146110,263633,102287,41557,80.788,330354,-1162,16399,15236
North Dakota,1999,9621,17042,6210,33919,67.521,21852,-305,1516,1211
Ohio,1999,218874,374613,132767,41559,98.575,471091,-1137,24109,22972
Oklahoma,1999,48554,85368,31569,33276,79.769,114373,-475,5720,5245
Oregon,1999,63080,107980,40636,35634,66.735,120940,-747,5011,4264
Pennsylvania,1999,228756,389766,136168,41021,88.606,503072,-1567,26408,24842
Rhode Island,1999,18487,32194,11233,39847,86.730,41457,-105,2578,2473
South Carolina,1999,63598,111539,40376,36006,88.865,143113,-359,7924,7565
South Dakota,1999,11067,21488,9044,33926,69.743,25459,-408,1785,1377
Tennessee,1999,97751,176549,66792,39343,89.698,221841,-458,12464,12006
Texas,1999,372277,691405,265446,44342,77.816,911597,-2738,56420,53682
Utah,1999,37247,65525,24131,37950,73.017,83623,-253,4400,4147
Vermont,1999,10145,17141,5580,34922,83.723,21117,-99,1514,1415
Virginia,1999,145670,251671,91114,46292,79.071,324050,-744,15631,14887
Washington,1999,125550,230725,86619,50560,84.083,295398,-1241,19798,18557
West Virginia,1999,23339,41720,15020,32101,91.612,58160,-92,3454,3361
Wisconsin,1999,103901,173789,57642,41125,89.216,219307,-984,13230,12246
Wyoming,1999,7795,15721,6432,49170,64.977,24181,-109,1604,1495
Alabama,2000,69911,120428,43130,33712,88.504,150090,-567,7954,7387
Alaska,2000,13879,26932,10680,57401,71.358,36046,-63,2436,2373
Arizona,2000,90959,166108,64281,39247,83.313,202536,-645,11513,10868
Arkansas,2000,38839,69111,25883,32057,85.785,85869,-572,4962,4389
California,2000,768142,1377014,531355,48635,86.379,1653021,-7912,85429,77517
Colorado,2000,103562,178331,64819,50544,87.451,218698,-780,10730,9950
Connecticut,2000,94783,166995,60892,60661,91.544,206960,-466,11786,11320
Delaware,2000,19117,41677,20730,64013,89.294,50338,-138,1968,1831
District of Columbia,2000,42937,60458,15891,139750,80.802,79944,-352,1983,1631
Florida,2000,277983,490538,168048,38404,85.366,616284,-2245,46752,44507
Georgia,2000,168695,304942,117646,45539,93.032,374665,-1205,19807,18602
Hawaii,2000,23454,41247,14528,44067,82.290,53476,-228,3493,3264
Idaho,2000,20438,38416,16010,35034,84.568,45525,-444,2412,1968
Illinois,2000,285882,492922,175193,49276,95.741,612709,-1915,33762,31847
Indiana,2000,118095,205807,75947,41302,95.530,251606,-663,12427,11764
Iowa,2000,51773,95021,37902,39824,85.396,116647,-892,6237,5346
Kansas,2000,51184,87446,30628,40077,88.176,107955,-577,6211,5634
Kentucky,2000,66726,115126,39948,35701,92.595,144553,-665,9117,8452
Louisiana,2000,68430,134251,56108,40908,87.316,182934,-412,10125,9713
Maine,2000,21467,36684,12025,36202,92.056,46233,-150,3342,3192
Maryland,2000,114289,192934,67027,45745,80.113,242954,-701,12320,11619
Massachusetts,2000,178254,289554,98039,54703,90.914,347972,-969,14230,13261
Michigan,2000,215200,351996,114431,42325,114.967,421242,-932,23297,22365
Minnesota,2000,116231,192948,64580,48055,91.378,237089,-999,13136,12137
Mississippi,2000,38008,66171,22827,29272,90.448,83377,-382,5718,5336
Missouri,2000,109164,187707,67494,41722,93.739,233947,-695,11743,11048
Montana,2000,12166,21884,8249,31816,80.759,28754,-192,1661,1469
Nebraska,2000,32910,57551,21482,42015,83.058,72007,-651,3810,3160
Nevada,2000,42572,75777,27306,48826,82.496,98568,-206,6104,5899
New Hampshire,2000,26014,44135,14953,43194,88.257,53555,-99,3267,3168
New Jersey,2000,209825,360703,122741,53276,92.765,449153,-1184,29321,28136
New Mexico,2000,26800,55597,25247,37950,83.583,69116,-293,3844,3551
New York,2000,479137,824386,293138,53046,88.114,1007960,-4097,56207,52110
North Carolina,2000,156048,276963,104813,42201,83.404,341051,-1405,17507,16102
North Dakota,2000,10169,17991,6576,35134,69.697,22557,-349,1595,1246
Ohio,2000,229028,391503,138484,42320,100.629,480907,-1214,25205,23991
Oklahoma,2000,52170,92083,34123,34212,82.425,118180,-529,6319,5791
Oregon,2000,68813,118086,44518,38365,72.606,131579,-754,5509,4755
Pennsylvania,2000,243247,409473,140608,42073,91.030,516834,-1618,27237,25619
Rhode Island,2000,19850,34405,11885,41191,90.506,43261,-103,2774,2671
South Carolina,2000,67446,116812,41473,36388,90.928,146434,-393,8285,7893
South Dakota,2000,11810,23267,10072,36110,74.769,27294,-471,1856,1385
Tennessee,2000,103092,182844,67072,39277,90.580,224024,-517,13198,12681
Texas,2000,406396,752007,288583,45102,80.636,944631,-2643,59671,57028
Utah,2000,40072,70550,26097,38960,76.355,87446,-243,4624,4381
Vermont,2000,10941,18265,5864,36379,87.928,22177,-102,1562,1461
Virginia,2000,159191,269194,94182,47456,82.282,337211,-802,16623,15821
Washington,2000,133268,239942,87392,50572,85.082,298907,-1321,20604,19282
West Virginia,2000,24446,42497,14616,31986,91.043,57799,-103,3537,3434
Wisconsin,2000,109993,181874,59221,41816,91.418,224720,-879,13539,12660
Wyoming,2000,8356,17324,7265,50687,67.326,25055,-104,1808,1704
Alabama,2001,72234,124885,45435,33908,89.327,151486,-659,7875,7216
Alaska,2001,14837,28942,11750,59329,74.431,37598,-117,2471,2354
Arizona,2001,95180,172634,66298,39258,85.159,207024,-741,11897,11156
Arkansas,2001,40219,71128,26298,31883,85.733,85817,-633,5243,4611
California,2001,787127,1394863,535906,47786,86.098,1647632,-15430,87260,71830
Colorado,2001,107531,185264,67821,50247,88.922,222378,-1032,10944,9912
Connecticut,2001,97625,172336,63227,60867,92.423,208946,-488,11973,11485
Delaware,2001,20006,43314,21513,64376,90.864,51224,-157,1953,1796
District of Columbia,2001,45966,65400,17734,145924,84.734,83834,-359,2060,1701
Florida,2001,295781,519024,178105,38731,87.754,633522,-2671,47809,45138
Georgia,2001,173934,316351,123719,45206,94.032,378692,-1544,20242,18698
Hawaii,2001,24649,42789,14989,43535,82.128,53371,-342,3493,3152
Idaho,2001,21025,37812,14806,33559,82.286,44296,-479,2460,1981
Illinois,2001,293475,503969,178143,48940,95.502,611182,-2295,34647,32352
Indiana,2001,119109,207104,75896,40259,93.666,246699,-773,12872,12099
Iowa,2001,53459,96093,37194,39039,83.797,114463,-945,6385,5440
Kansas,2001,52925,90269,31629,40070,88.438,108275,-685,6400,5715
Kentucky,2001,69368,118975,41118,35718,93.078,145306,-624,9113,8489
Louisiana,2001,72230,140264,57577,41610,88.934,186322,-464,10922,10458
Maine,2001,22755,38317,12189,36562,93.599,47007,-152,3524,3373
Maryland,2001,121237,206296,73112,47007,83.310,252649,-771,12716,11946
Massachusetts,2001,181570,296348,100840,54941,91.835,351495,-1086,15024,13938
Michigan,2001,214237,351014,114276,40980,111.746,409440,-1081,23582,22501
Minnesota,2001,120298,198343,65639,47796,91.789,238157,-1145,13552,12407
Mississippi,2001,38819,67662,23478,28953,89.607,82601,-454,5818,5364
Missouri,2001,112019,191750,68547,41263,93.267,232769,-855,12039,11184
Montana,2001,12874,23063,8773,32292,82.256,29288,-222,1638,1416
Nebraska,2001,34413,60217,22679,42499,84.310,73092,-802,3927,3125
Nevada,2001,45281,80134,28899,48010,84.318,100744,-344,6298,5954
New Hampshire,2001,27061,45163,14803,42899,88.761,53861,-114,3412,3298
New Jersey,2001,213906,373205,129925,53470,93.788,454107,-1332,30706,29374
New Mexico,2001,28591,56889,24689,38201,84.618,69972,-356,3965,3609
New York,2001,493697,864377,317967,54402,90.753,1038147,-4449,57163,52713
North Carolina,2001,160458,291540,115246,42571,85.473,349509,-1552,17388,15835
North Dakota,2001,10773,19002,7026,36030,71.146,23026,-363,1565,1202
Ohio,2001,234231,396626,138101,41723,99.418,475121,-1352,25646,24294
Oklahoma,2001,55132,97682,36435,35201,85.121,122046,-528,6643,6116
Oregon,2001,69590,117362,43025,37387,71.545,129656,-798,5544,4746
Pennsylvania,2001,252121,428099,150033,42794,92.701,526324,-1757,27702,25944
Rhode Island,2001,20760,36117,12599,41818,92.486,44208,-124,2881,2757
South Carolina,2001,69421,121361,43916,36309,91.650,147597,-438,8463,8024
South Dakota,2001,12375,24399,10605,36912,76.644,27978,-466,1885,1419
Tennessee,2001,105389,188482,70250,39175,91.090,225286,-646,13488,12843
Texas,2001,423654,787653,304371,45462,82.736,969236,-3086,62713,59628
Utah,2001,41967,74191,27727,39255,78.278,89648,-334,4832,4498
Vermont,2001,11584,19172,6069,37249,90.415,22805,-107,1627,1520
Virginia,2001,167327,284595,100810,48211,84.680,347037,-924,17382,16458
Washington,2001,134653,240894,86804,48704,82.982,291529,-1390,20826,19436
West Virginia,2001,25361,43700,14795,31992,90.782,57633,-110,3654,3544
Wisconsin,2001,113571,188164,61384,41862,92.078,226341,-1031,14240,13209
Wyoming,2001,9023,18809,8073,53536,71.160,26482,-114,1827,1713
Alabama,2002,74283,130180,48401,34716,91.711,155529,-429,7924,7495
Alaska,2002,15675,29808,12026,60167,76.509,38647,-74,2181,2107
Arizona,2002,97700,179892,70045,39387,87.430,212543,-535,12683,12148
Arkansas,2002,41495,74243,27640,32647,88.255,88341,-364,5472,5108
California,2002,794225,1449536,567877,48417,88.228,1688390,-7351,94786,87434
Colorado,2002,106634,189464,71946,49809,89.436,223663,-654,11538,10884
Connecticut,2002,97251,174856,65780,60174,92.061,208127,-471,12296,11825
Delaware,2002,20537,43046,20612,62003,88.666,49985,-126,2023,1897
District of Columbia,2002,48492,69608,19376,150066,86.935,86011,-491,2230,1740
Florida,2002,308799,550486,192236,39457,91.217,658520,-2021,51472,49451
Georgia,2002,176740,323644,127139,44740,94.521,380661,-924,20689,19764
Hawaii,2002,26197,45185,15592,44324,84.549,54945,-209,3606,3397
Idaho,2002,21663,39185,15176,33882,84.363,45414,-309,2656,2347
Illinois,2002,297690,514227,182403,48951,95.809,613144,-1963,36097,34134
Indiana,2002,121186,214788,80883,41034,95.909,252606,-597,13316,12719
Iowa,2002,54503,100359,39959,40112,86.164,117697,-770,6667,5897
Kansas,2002,53825,92953,32863,40525,89.819,109966,-446,6712,6265
Kentucky,2002,71383,123928,43530,36437,95.458,149023,-401,9415,9015
Louisiana,2002,74813,141797,56161,42054,90.273,189128,-372,11196,10823
Maine,2002,23670,40050,12757,37195,95.980,48203,-125,3748,3623
Maryland,2002,126405,218525,79487,48080,86.253,261575,-698,13331,12634
Massachusetts,2002,179030,302972,109292,55021,92.250,353084,-1122,15773,14650
Michigan,2002,214834,365288,127522,42054,114.956,421199,-863,23796,22933
Minnesota,2002,122776,206098,70402,48572,93.956,243779,-914,13835,12920
Mississippi,2002,40117,69443,23644,29150,90.399,83332,-254,5936,5682
Missouri,2002,115049,196807,69848,41348,94.017,234643,-598,12508,11910
Montana,2002,13575,23941,8853,32802,83.988,29904,-178,1691,1513
Nebraska,2002,35828,62305,22872,43012,85.747,74338,-503,4108,3605
Nevada,2002,46750,84643,31343,47925,87.193,104179,-220,6771,6551
New Hampshire,2002,27535,47510,16506,43903,91.819,55717,-115,3584,3469
New Jersey,2002,219541,388030,137715,54313,95.938,464517,-1306,32080,30774
New Mexico,2002,30117,58845,25013,38676,86.775,71755,-211,3925,3715
New York,2002,487117,879623,337569,54177,90.638,1036827,-4511,59448,54937
North Carolina,2002,163388,301781,120606,42607,86.756,354755,-883,18671,17787
North Dakota,2002,11221,20322,7798,38040,75.009,24276,-317,1620,1303
Ohio,2002,237670,411997,148669,42613,101.720,486119,-1145,26803,25658
Oklahoma,2002,56173,99532,37121,35305,85.914,123183,-404,6641,6238
Oregon,2002,70030,121998,46875,37916,73.510,133216,-623,5716,5094
Pennsylvania,2002,257651,440514,155904,43153,93.721,532116,-1498,28457,26959
Rhode Island,2002,21755,38231,13589,42917,95.711,45750,-125,3013,2888
South Carolina,2002,71107,126044,46553,36670,93.535,150633,-302,8686,8384
South Dakota,2002,12893,27334,12751,40794,84.934,31004,-274,1964,1690
Tennessee,2002,108385,197724,75634,40084,93.936,232325,-454,14159,13705
Texas,2002,426052,801155,310969,45381,84.025,984329,-2197,66332,64135
Utah,2002,42836,76711,29220,39134,79.441,90980,-216,4871,4655
Vermont,2002,11964,20073,6437,38218,93.254,23521,-75,1746,1671
Virginia,2002,170963,292387,103652,47854,85.087,348708,-732,18504,17772
Washington,2002,135893,249942,93854,49058,84.515,296915,-1124,21319,20195
West Virginia,2002,25914,45086,15512,32266,91.760,58254,-95,3756,3660
Wisconsin,2002,116876,195546,64548,42530,94.209,231581,-740,14861,14121
Wyoming,2002,9493,19268,7847,53786,72.269,26894,-61,1990,1929
Alabama,2003,77281,136270,51162,35374,93.937,159304,-549,8375,7827
Alaska,2003,16523,32125,13361,59169,75.952,38366,-101,2342,2241
Arizona,2003,102227,192663,77536,40763,92.398,224621,-656,13556,12900
Arkansas,2003,43392,78882,30302,33792,91.988,92078,-497,5685,5188
California,2003,828746,1535202,617669,49815,91.767,1756127,-8019,96807,88788
Colorado,2003,108771,195704,75988,49838,90.252,225705,-813,11757,10945
Connecticut,2003,100231,181750,68854,60848,93.781,212016,-537,13202,12665
Delaware,2003,21371,46092,22714,63863,92.667,52240,-149,2156,2007
District of Columbia,2003,51058,73846,20607,155044,89.089,88143,-526,2706,2180
Florida,2003,326761,585729,206024,40364,95.072,686354,-2409,55353,52944
Georgia,2003,183171,335367,131774,45015,96.381,388155,-1224,21646,20422
Hawaii,2003,27991,48559,16963,45926,88.421,57461,-279,3884,3605
Idaho,2003,22468,41125,16085,34383,87.081,46877,-313,2886,2572
Illinois,2003,303227,531957,192955,49579,97.273,622516,-2407,38182,35775
Indiana,2003,124898,225933,87250,42222,99.337,261636,-793,14578,13785
Iowa,2003,56507,106935,44387,41762,89.947,122863,-858,6900,6042
Kansas,2003,54993,97651,35998,41414,92.109,112771,-641,7301,6659
Kentucky,2003,74313,128804,45685,36949,97.445,152124,-474,9280,8807
Louisiana,2003,77828,157562,68707,43636,94.163,197278,-456,11483,11027
Maine,2003,24657,41858,13355,37783,98.291,49364,-146,3992,3846
Maryland,2003,132447,229840,84258,48920,88.661,268879,-829,13964,13135
Massachusetts,2003,181793,315339,117981,56337,94.535,361829,-1263,16828,15565
Michigan,2003,219017,377462,133596,42768,117.204,429436,-1054,25902,24848
Minnesota,2003,127709,218061,77460,50149,97.676,253431,-1140,14032,12892
Mississippi,2003,41550,73982,26560,30212,94.006,86656,-356,6228,5872
Missouri,2003,118518,205338,74707,42089,96.286,240305,-810,12922,12113
Montana,2003,14288,25788,9893,33915,87.598,31189,-205,1813,1608
Nebraska,2003,37318,67656,26504,45401,91.051,78936,-821,4654,3833
Nevada,2003,50251,90419,33443,48498,91.281,109064,-308,7033,6725
New Hampshire,2003,28664,50276,17855,45403,95.760,58108,-141,3899,3757
New Jersey,2003,226498,404905,145603,55304,98.246,475691,-1511,34315,32804
New Mexico,2003,31753,63576,27963,39482,89.647,74130,-243,4103,3860
New York,2003,499977,898559,337725,54161,90.792,1038596,-4796,65654,60857
North Carolina,2003,168914,313917,126233,43098,88.770,362994,-1032,19802,18770
North Dakota,2003,11842,22295,9112,40429,79.802,25827,-450,1792,1342
Ohio,2003,245211,426295,154352,43223,103.421,494250,-1345,28076,26731
Oklahoma,2003,57744,106105,41728,35822,87.565,125551,-447,7079,6632
Oregon,2003,72512,128009,50291,38985,76.313,138296,-721,5927,5206
Pennsylvania,2003,266069,458434,163271,43853,95.579,542660,-1758,30852,29094
Rhode Island,2003,23011,40672,14517,44491,99.719,47665,-150,3292,3143
South Carolina,2003,74353,132485,48982,37550,96.770,155842,-386,9536,9149
South Dakota,2003,13499,28733,13602,41738,87.324,31876,-434,2065,1632
Tennessee,2003,113148,206546,78644,40915,96.742,239264,-567,15321,14754
Texas,2003,437811,844435,339766,44959,84.550,990481,-2778,69636,66858
Utah,2003,44188,80130,31055,39383,81.161,92950,-275,5162,4887
Vermont,2003,12485,21232,6910,39662,97.157,24505,-88,1925,1838
Virginia,2003,181011,309648,109524,49095,88.253,361681,-876,19989,19113
Washington,2003,140367,260027,98617,49457,85.932,301892,-1365,22408,21043
West Virginia,2003,26643,46471,16011,32246,92.051,58439,-106,3923,3817
Wisconsin,2003,121225,204649,68747,43553,97.079,238635,-873,15550,14677
Wyoming,2003,9989,21251,9095,54908,74.282,27643,-84,2250,2166
Alabama,2004,81948,148769,58470,37181,99.335,168458,-504,8855,8351
Alaska,2004,17463,35510,15602,60696,79.219,40016,-85,2531,2446
Arizona,2004,110580,204659,80282,41169,95.722,232702,-607,14404,13797
Arkansas,2004,45978,85315,33647,35021,96.203,96297,-453,6143,5690
California,2004,885226,1643908,663305,51424,95.595,1829371,-7922,103299,95377
Colorado,2004,114081,205347,79359,50234,91.899,229823,-683,12590,11907
Connecticut,2004,106710,198921,79224,64579,99.867,225775,-559,13546,12988
Delaware,2004,22725,50618,25313,67008,98.751,55670,-152,2732,2580
District of Columbia,2004,54565,79564,22444,161284,92.552,91569,-593,3147,2554
Florida,2004,352261,637113,224925,41618,100.397,724792,-2276,62203,59927
Georgia,2004,193152,353025,137937,45434,98.931,398425,-994,22930,21936
Hawaii,2004,30036,53306,19210,47997,94.064,61128,-219,4279,4060
Idaho,2004,24096,44445,17489,35331,91.346,49173,-285,3144,2860
Illinois,2004,317194,561117,205531,50674,99.690,637979,-2283,40676,38392
Indiana,2004,131076,240428,95075,43489,102.919,271068,-770,15047,14277
Iowa,2004,60086,118710,52308,44849,96.977,132466,-919,7234,6315
Kansas,2004,57943,101343,35977,41551,92.800,113616,-522,7945,7423
Kentucky,2004,78243,135994,48305,37567,99.771,155755,-454,9900,9446
Louisiana,2004,81571,172623,79621,44961,97.693,204674,-437,11867,11430
Maine,2004,26012,44617,14597,38885,101.714,51083,-142,4150,4008
Maryland,2004,141953,247461,91679,50700,92.734,281229,-859,14688,13828
Massachusetts,2004,193046,329640,119771,57594,96.490,369311,-1269,18093,16824
Michigan,2004,225373,383545,132229,42525,116.703,427602,-1007,26949,25942
Minnesota,2004,134870,231904,83254,51433,100.855,261679,-987,14768,13781
Mississippi,2004,44028,78169,27895,30669,96.117,88603,-353,6599,6247
Missouri,2004,123672,215895,79412,42708,98.358,245476,-793,13604,12810
Montana,2004,15176,27979,11039,34832,90.980,32394,-190,1954,1764
Nebraska,2004,39148,71322,27827,45937,92.695,80361,-635,4981,4346
Nevada,2004,55913,103446,39241,51478,101.086,120779,-267,8560,8292
New Hampshire,2004,30531,53148,18655,46472,98.802,59954,-141,4103,3962
New Jersey,2004,237434,423953,151668,56092,100.030,484329,-1551,36402,34851
New Mexico,2004,33862,70121,31890,41360,95.224,78742,-225,4594,4369
New York,2004,531680,954249,355880,55866,93.628,1071033,-4823,71512,66689
North Carolina,2004,179307,332598,133363,43894,91.813,375435,-995,20922,19928
North Dakota,2004,12686,23396,9131,40368,80.415,26025,-337,1916,1579
Ohio,2004,255785,450842,166937,44413,106.429,508628,-1305,29426,28121
Oklahoma,2004,60942,114160,45986,36689,90.206,129337,-391,7623,7232
Oregon,2004,76821,142516,60073,42244,83.207,150790,-620,6241,5621
Pennsylvania,2004,279894,481879,170335,44536,97.352,552728,-1685,33334,31649
Rhode Island,2004,24117,43513,16040,46084,103.602,49521,-153,3510,3357
South Carolina,2004,78147,136875,48664,37262,97.430,156906,-364,10428,10064
South Dakota,2004,14278,30789,14735,42738,90.198,32925,-397,2172,1775
Tennessee,2004,120102,220543,84572,42223,100.909,249569,-505,16373,15868
Texas,2004,460222,922770,391620,46396,88.692,1039001,-2321,73250,70929
Utah,2004,47546,86495,33561,40506,84.941,97279,-240,5628,5388
Vermont,2004,13190,22538,7353,40954,100.658,25388,-85,2080,1995
Virginia,2004,195537,330412,115026,50258,91.675,375706,-879,20728,19849
Washington,2004,147782,271676,101144,49648,87.316,306754,-1190,23940,22749
West Virginia,2004,27983,49409,17438,32782,93.796,59546,-113,4101,3989
Wisconsin,2004,127757,216716,73432,44615,100.078,246008,-784,16311,15527
Wyoming,2004,10667,23705,10575,56370,77.116,28698,-65,2528,2463
Alabama,2005,86747,157914,61857,37887,102.094,173137,-733,10043,9310
Alaska,2005,18603,40277,18859,61513,81.218,41026,-95,2911,2816
Arizona,2005,121219,227047,91070,42957,103.178,250829,-901,15659,14759
Arkansas,2005,48407,90112,35422,35610,98.939,99036,-646,6930,6283
California,2005,930651,1760508,730997,53092,99.400,1902194,-10936,109796,98860
Colorado,2005,120746,222415,88973,51847,96.028,240150,-993,13688,12695
Connecticut,2005,111251,208154,83454,65444,101.519,229510,-657,14106,13449
Delaware,2005,24180,52901,26096,66955,100.378,56587,-213,2837,2624
District of Columbia,2005,57715,83968,23759,163971,93.992,92994,-645,3138,2493
Florida,2005,382541,700222,253130,43329,107.084,773073,-3072,67623,64551
Georgia,2005,204059,376626,148943,46361,102.753,413815,-1420,25045,23625
Hawaii,2005,32104,58123,21524,49790,99.046,64365,-302,4796,4494
Idaho,2005,25903,47990,19303,36510,96.867,52145,-477,3261,2783
Illinois,2005,331412,588847,216063,51447,101.371,648737,-2476,43848,41372
Indiana,2005,135612,247048,94187,43159,102.886,270982,-911,18159,17248
Iowa,2005,62984,124021,54574,45781,99.355,135715,-1257,7720,6463
Kansas,2005,60309,106864,39261,42502,95.303,116681,-913,8207,7294
Kentucky,2005,82294,144174,51727,38300,102.617,160198,-664,10816,10153
Louisiana,2005,84683,200436,103390,47133,102.960,215708,-541,12905,12364
Maine,2005,26511,46052,15371,38796,101.876,51164,-186,4356,4170
Maryland,2005,150151,264729,100454,52165,96.195,291726,-1073,15197,14124
Massachusetts,2005,199467,344145,127186,58588,98.017,375158,-1404,18895,17492
Michigan,2005,230274,396268,138065,43081,118.180,433012,-1289,29218,27929
Minnesota,2005,138950,244800,91490,52445,103.483,268496,-1467,15827,14360
Mississippi,2005,46035,82274,29739,31043,97.861,90210,-509,7009,6500
Missouri,2005,129467,225268,82201,43033,99.841,249177,-969,14569,13599
Montana,2005,16285,30425,12371,35874,94.719,33725,-326,2095,1769
Nebraska,2005,40834,74415,29520,46666,94.818,82202,-1002,5063,4061
Nevada,2005,61700,116764,45172,53836,109.587,130936,-351,10243,9892
New Hampshire,2005,31973,56123,20086,47410,101.452,61562,-170,4234,4064
New Jersey,2005,248250,444973,160175,56974,101.808,492940,-1759,38306,36548
New Mexico,2005,36116,74063,33685,40948,95.685,79123,-389,4652,4263
New York,2005,557787,1024329,391889,58421,97.712,1117747,-5458,80110,74652
North Carolina,2005,189565,357711,146802,45122,96.060,392802,-1458,22802,21344
North Dakota,2005,13342,24709,9806,41453,82.755,26783,-496,2057,1562
Ohio,2005,263009,468197,175155,44772,107.394,513235,-1547,31580,30033
Oklahoma,2005,64423,125106,53332,37610,93.083,133463,-645,7996,7351
Oregon,2005,80624,147583,61259,42562,84.860,153786,-886,6586,5699
Pennsylvania,2005,291537,505091,180010,45001,98.678,560259,-2103,35647,33545
Rhode Island,2005,24991,45250,16748,46744,104.432,49918,-186,3696,3511
South Carolina,2005,82309,144754,51703,37712,99.995,161037,-472,11214,10742
South Dakota,2005,14961,31552,14810,42960,91.264,33315,-551,2332,1781
Tennessee,2005,125270,228730,86592,42087,101.949,252143,-652,17520,16867
Texas,2005,491279,999641,431998,46451,90.319,1058069,-3112,79475,76363
Utah,2005,51171,94876,37980,41880,89.874,102928,-315,6040,5725
Vermont,2005,13704,23483,7617,41504,102.222,25783,-128,2289,2162
Virginia,2005,208437,358730,127685,52227,96.562,395731,-1171,23778,22607
Washington,2005,156153,296731,116319,52021,92.654,325509,-1602,25861,24258
West Virginia,2005,29206,53331,19710,33551,96.209,61079,-135,4550,4415
Wisconsin,2005,132101,226963,79145,45266,102.131,251054,-1130,16848,15718
Wyoming,2005,11589,27748,13279,58273,80.511,29962,-114,2995,2881
Alabama,2006,91560,165131,63377,37911,103.480,175488,-496,10690,10194
Alaska,2006,19606,44867,22047,64670,86.455,43672,-93,3308,3215
Arizona,2006,134281,248075,97248,44018,109.168,265391,-739,17286,16546
Arkansas,2006,51007,95727,37865,36161,101.939,102038,-464,7319,6855
California,2006,985407,1868969,771142,54508,102.601,1963442,-9125,121545,112420
Colorado,2006,127972,233142,91584,51736,97.655,244218,-812,14398,13586
Connecticut,2006,115927,220994,91561,67400,104.865,237075,-592,14098,13506
Delaware,2006,25636,55826,27392,67533,102.935,58029,-168,2966,2798
District of Columbia,2006,61030,88502,24953,166367,95.962,94943,-669,3188,2519
Florida,2006,404963,748021,272715,44034,110.808,799957,-2752,73095,70343
Georgia,2006,216109,393920,151825,45926,104.411,420491,-1102,27089,25987
Hawaii,2006,33926,61684,22817,50358,101.493,65956,-272,5213,4941
Idaho,2006,28628,51821,20163,37409,102.062,54942,-356,3386,3030
Illinois,2006,350091,623535,229495,52683,104.087,666120,-2452,46401,43949
Indiana,2006,141594,258525,99328,43639,104.926,276354,-807,18411,17604
Iowa,2006,66235,128346,55108,46029,100.506,137287,-960,7963,7003
Kansas,2006,63876,113738,41870,43723,98.671,120804,-626,8618,7992
Kentucky,2006,85569,152394,56024,38939,105.241,164294,-527,11328,10801
Louisiana,2006,89930,207944,104150,49221,101.086,211783,-486,14349,13864
Maine,2006,28044,48175,15694,39197,103.305,51882,-163,4600,4437
Maryland,2006,158013,278216,105395,52823,98.017,297253,-973,15781,14808
Massachusetts,2006,210169,359256,131132,59459,99.580,381139,-1301,19256,17955
Michigan,2006,232260,397295,136697,42429,116.217,425821,-1123,29461,28338
Minnesota,2006,143451,251221,92493,51854,103.196,267753,-1222,16498,15276
Mississippi,2006,48337,87302,31843,31888,100.489,92633,-300,7422,7122
Missouri,2006,136059,234124,84207,43032,100.741,251422,-828,14685,13857
Montana,2006,17565,32635,13056,36451,97.534,34727,-216,2230,2014
Nebraska,2006,42859,78581,31247,47666,97.465,84497,-692,5166,4474
Nevada,2006,66237,125387,48746,53527,113.014,135030,-301,10706,10405
New Hampshire,2006,33708,58492,20619,47701,102.851,62411,-140,4305,4165
New Jersey,2006,258729,466524,168421,57835,103.462,500948,-1567,40941,39374
New Mexico,2006,38484,77536,33907,40917,97.091,80285,-271,5415,5144
New York,2006,597460,1083194,407026,60149,100.454,1149115,-5083,83792,78709
North Carolina,2006,202614,386354,159989,46349,101.074,413303,-1170,24922,23752
North Dakota,2006,14262,26491,10582,42913,86.110,27868,-438,2084,1647
Ohio,2006,274324,482227,177327,44738,107.479,513645,-1360,31936,30576
Oklahoma,2006,70120,136804,58280,39155,98.149,140727,-417,8821,8404
Oregon,2006,85841,163033,70980,45594,92.356,167369,-779,6991,6213
Pennsylvania,2006,306971,529969,187593,45444,100.136,568535,-1848,37253,35405
Rhode Island,2006,26352,47659,17686,47904,106.541,50926,-171,3792,3621
South Carolina,2006,87620,152802,53706,37761,102.181,164558,-391,11866,11475
South Dakota,2006,15619,32455,14772,42708,91.612,33442,-365,2429,2064
Tennessee,2006,131322,239425,90289,42247,104.006,257230,-546,18360,17814
Texas,2006,535731,1094064,474908,47876,95.467,1118368,-2494,85919,83425
Utah,2006,56683,106308,43400,44039,97.114,111221,-257,6481,6225
Vermont,2006,14127,24251,7857,41646,102.849,25941,-93,2359,2266
Virginia,2006,218277,378445,136669,52765,98.800,404904,-1021,24519,23499
Washington,2006,167357,315723,122026,52727,95.615,335912,-1357,27696,26339
West Virginia,2006,31253,56748,20977,33935,97.708,62030,-110,4629,4518
Wisconsin,2006,137697,236444,82063,45646,103.573,254598,-892,17576,16684
Wyoming,2006,13515,33049,16214,64191,90.155,33551,-82,3402,3320
Alabama,2007,95565,170399,64388,37644,103.724,175903,-456,10902,10446
Alaska,2007,20800,49285,23559,67399,90.770,45851,-102,5028,4926
Arizona,2007,142405,262214,101706,44199,112.136,272605,-843,18945,18102
Arkansas,2007,53514,99210,38777,35889,102.135,102235,-416,7336,6920
California,2007,1033511,1951997,802852,55008,104.200,1994044,-9455,125088,115633
Colorado,2007,135271,245169,95712,51895,99.685,249295,-866,15052,14186
Connecticut,2007,123205,235299,97747,69762,108.843,246068,-666,15012,14346
Delaware,2007,26213,56805,27788,66032,102.109,57563,-169,2974,2804
District of Columbia,2007,64019,93695,26801,169268,98.272,97228,-664,3539,2875
Florida,2007,418632,773682,281689,43724,111.246,803119,-2867,76227,73360
Georgia,2007,226329,411730,159639,45763,106.247,427885,-1185,26948,25762
Hawaii,2007,35826,64775,23693,50933,103.118,67012,-292,5549,5257
Idaho,2007,30183,55010,21698,37423,104.634,56326,-347,3476,3129
Illinois,2007,367456,648647,235877,53015,105.174,673075,-2712,48026,45314
Indiana,2007,146101,271444,109900,44344,107.410,282897,-840,16284,15444
Iowa,2007,69754,137377,60267,47406,104.089,142181,-1004,8360,7356
Kansas,2007,68229,122276,45842,45206,102.788,125844,-663,8868,8205
Kentucky,2007,89347,155486,55225,38185,104.118,162541,-466,11380,10914
Louisiana,2007,96530,209676,98644,46890,97.931,205173,-991,15493,14502
Maine,2007,29084,49269,15979,38822,102.580,51518,-170,4376,4206
Maryland,2007,165059,290139,109640,53290,99.343,301271,-1090,16529,15440
Massachusetts,2007,223841,377987,136198,60787,102.145,390955,-1455,19402,17947
Michigan,2007,234983,402390,137973,42036,114.741,420411,-1117,30552,29435
Minnesota,2007,152015,259493,91967,51473,103.303,268029,-1212,16723,15510
Mississippi,2007,50525,91919,34108,32222,102.358,94356,-310,7595,7286
Missouri,2007,141557,241909,86014,42782,100.925,251881,-825,15163,14338
Montana,2007,18868,35676,14652,37765,102.323,36432,-228,2384,2156
Nebraska,2007,45122,82918,33071,48069,98.886,85728,-751,5476,4725
Nevada,2007,70145,131137,50060,52384,114.038,136254,-354,11286,10932
New Hampshire,2007,35035,59958,20695,47522,102.792,62375,-154,4382,4228
New Jersey,2007,269401,481936,171044,57972,103.902,503078,-1724,43214,41490
New Mexico,2007,40567,80443,34320,40413,97.260,80425,-281,5837,5556
New York,2007,645068,1120861,393473,60291,100.837,1153500,-5427,87746,82319
North Carolina,2007,215059,395708,156609,45285,100.977,412909,-1142,25182,24040
North Dakota,2007,15239,28670,11793,44087,88.929,28781,-511,2149,1638
Ohio,2007,282102,494917,179667,44584,107.290,512740,-1450,34598,33148
Oklahoma,2007,73609,144171,61699,39289,99.589,142791,-404,9267,8863
Oregon,2007,90232,170522,73706,46385,95.279,172666,-740,7325,6584
Pennsylvania,2007,321024,553105,194322,45834,101.425,575855,-1910,39669,37759
Rhode Island,2007,27124,47948,17220,47045,104.062,49741,-181,3785,3604
South Carolina,2007,92528,160949,56445,37920,104.643,168522,-403,12380,11977
South Dakota,2007,16668,34969,16196,43740,94.854,34625,-478,2583,2105
Tennessee,2007,137489,243405,87090,41241,102.981,254695,-565,19391,18826
Texas,2007,575760,1181302,515340,49068,99.823,1169399,-2588,92790,90202
Utah,2007,61495,116019,47988,45332,102.826,117761,-300,6835,6536
Vermont,2007,14740,24759,7643,41330,102.165,25768,-102,2477,2376
Virginia,2007,229877,391842,137752,52561,99.410,407403,-1135,25347,24212
Washington,2007,180812,343339,134798,54931,101.033,354944,-1476,29206,27729
West Virginia,2007,32192,58564,21689,33716,97.405,61838,-118,4802,4683
Wisconsin,2007,143033,243982,83903,45533,103.930,255477,-910,17956,17046
Wyoming,2007,14989,36763,18175,66302,95.295,35463,-69,3669,3600
Alabama,2008,97866,173521,65036,37176,103.429,175402,-430,11048,10618
Alaska,2008,21794,55436,23580,67563,91.949,46447,-92,10155,10063
Arizona,2008,143898,258978,97614,42168,108.938,264831,-705,18170,17465
Arkansas,2008,54709,102100,40446,35774,102.733,102833,-406,7352,6946
California,2008,1046874,1993589,823054,54713,104.654,2002744,-8332,131993,123661
Colorado,2008,140107,255213,100690,51726,101.137,252925,-776,15192,14415
Connecticut,2008,124957,231486,92231,66880,104.888,237127,-555,14853,14298
Delaware,2008,26347,54303,25280,61346,96.182,54222,-166,2841,2676
District of Columbia,2008,66994,98399,28612,172523,101.179,100104,-706,3499,2793
Florida,2008,416387,754278,266953,41569,106.681,770159,-2472,73410,70938
Georgia,2008,228370,410778,156417,44138,104.172,419529,-1137,27128,25991
Hawaii,2008,36931,66304,24072,50565,103.659,67364,-258,5560,5302
Idaho,2008,30190,55927,22701,36740,104.716,56371,-348,3384,3036
Illinois,2008,373926,645447,225132,51621,102.821,658018,-2791,49181,46390
Indiana,2008,148192,275017,110280,43760,106.746,281148,-907,17452,16546
Iowa,2008,72504,136871,56912,46097,101.806,139062,-1193,8649,7455
Kansas,2008,71502,126343,46679,45380,104.084,127432,-791,8953,8162
Kentucky,2008,91885,158732,55562,37858,104.031,162406,-422,11707,11284
Louisiana,2008,102627,218351,101772,46443,98.326,206000,-1218,15169,13952
Maine,2008,29897,49858,15727,38453,101.871,51162,-145,4380,4235
Maryland,2008,169328,297792,112568,53471,100.236,303982,-1008,16904,15896
Massachusetts,2008,230803,384218,135408,60506,102.264,391411,-1376,19383,18007
Michigan,2008,232908,386445,125471,40097,108.854,398843,-1043,29109,28066
Minnesota,2008,157109,265341,92695,51441,104.028,269911,-1410,16948,15538
Mississippi,2008,52405,94805,35093,32334,103.398,95315,-304,7611,7307
Missouri,2008,147442,248838,86816,42893,101.813,254097,-890,15469,14580
Montana,2008,19532,36852,15080,37562,103.006,36676,-260,2499,2239
Nebraska,2008,46869,85574,33974,48159,99.789,86511,-862,5592,4730
Nevada,2008,70264,128899,48333,49481,109.895,131304,-313,10615,10302
New Hampshire,2008,35928,60164,20071,46865,101.630,61670,-141,4306,4165
New Jersey,2008,274226,493733,178398,57998,104.346,505227,-1595,42703,41108
New Mexico,2008,42372,86209,37908,41091,99.914,82620,-241,6169,5928
New York,2008,661368,1109994,368925,58322,97.953,1120512,-5275,84977,79702
North Carolina,2008,220091,412889,168628,45321,103.179,421912,-1109,25278,24170
North Dakota,2008,16460,32263,14278,48062,97.653,31604,-808,2332,1524
Ohio,2008,284362,493813,176776,43646,105.167,502597,-1398,34073,32675
Oklahoma,2008,77558,155015,68358,39671,101.515,145552,-413,9511,9098
Oregon,2008,91832,180251,81619,48323,100.494,182118,-656,7455,6800
Pennsylvania,2008,329064,566147,199902,45819,101.782,577879,-1782,38963,37182
Rhode Island,2008,27500,47447,16313,45853,101.203,48375,-169,3803,3634
South Carolina,2008,95154,162676,56154,36929,103.854,167251,-390,11758,11368
South Dakota,2008,17514,37014,17534,45208,98.967,36127,-634,2600,1966
Tennessee,2008,140181,250558,91671,41201,104.076,257402,-575,19282,18706
Texas,2008,602048,1243756,549507,48322,100.273,1174672,-2324,94526,92202
Utah,2008,63338,116615,46734,43576,101.327,116045,-277,6820,6543
Vermont,2008,15303,25303,7773,41498,102.692,25901,-88,2315,2227
Virginia,2008,236426,399479,139054,52068,99.524,407874,-1009,25008,23999
Washington,2008,188072,352922,137133,54740,102.248,359214,-1356,29073,27717
West Virginia,2008,33997,62175,23448,34453,99.873,63405,-110,4839,4730
Wisconsin,2008,147036,245197,80925,44742,102.675,252390,-823,18059,17236
Wyoming,2008,16282,43285,23213,69973,102.671,38208,-70,3860,3790
Alabama,2009,95769,169586,63640,35643,100.000,169586,-531,10709,10178
Alaska,2009,22526,50514,23458,72277,100.000,50514,-112,4642,4530
Arizona,2009,135138,243102,91033,38325,100.000,243102,-770,17702,16932
Arkansas,2009,54226,100098,39057,34554,100.000,100098,-433,7247,6814
California,2009,995046,1913674,798191,51775,100.000,1913674,-9272,129709,120437
Colorado,2009,136694,250082,99377,50296,100.000,250082,-886,14898,14012
Connecticut,2009,119373,226076,92231,63472,100.000,226076,-667,15139,14472
Delaware,2009,25272,56374,28248,63219,100.000,56374,-195,3049,2854
District of Columbia,2009,68258,98938,28028,167060,100.000,98938,-780,3432,2652
Florida,2009,394234,721928,260422,38704,100.000,721928,-2756,70028,67272
Georgia,2009,221383,402728,157081,41860,100.000,402728,-1288,25552,24264
Hawaii,2009,36132,64986,23825,48255,100.000,64986,-289,5318,5029
Idaho,2009,28813,53832,22090,34631,100.000,53832,-349,3278,2929
Illinois,2009,357799,639965,236893,50010,100.000,639965,-2946,48219,45273
Indiana,2009,138658,263380,108280,40775,100.000,263380,-981,17423,16442
Iowa,2009,71526,136596,57328,45038,100.000,136596,-1188,8931,7743
Kansas,2009,68754,122431,45731,43221,100.000,122431,-955,8902,7946
Kentucky,2009,88978,156113,56179,36162,100.000,156113,-546,11501,10956
Louisiana,2009,101949,209507,94327,46644,100.000,209507,-914,14145,13230
Maine,2009,29153,50222,16929,37773,100.000,50222,-179,4318,4140
Maryland,2009,169673,303265,118006,52922,100.000,303265,-1151,16738,15586
Massachusetts,2009,222106,382747,142200,58725,100.000,382747,-1546,19986,18440
Michigan,2009,215721,366401,121449,37004,100.000,366401,-1161,30392,29231
Minnesota,2009,149459,259460,93935,49129,100.000,259460,-1351,17417,16066
Mississippi,2009,50944,92182,34329,31156,100.000,92182,-375,7284,6909
Missouri,2009,142580,249574,93240,41867,100.000,249574,-1012,14767,13754
Montana,2009,19123,35605,14295,36185,100.000,35605,-296,2484,2188
Nebraska,2009,46580,86694,35567,47826,100.000,86694,-925,5472,4548
Nevada,2009,64795,119482,44948,44505,100.000,119482,-336,10075,9739
New Hampshire,2009,35265,60681,21029,46106,100.000,60681,-167,4554,4387
New Jersey,2009,266344,484185,178055,55300,100.000,484185,-1804,41590,39786
New Mexico,2009,41484,82691,35839,40598,100.000,82691,-264,5632,5368
New York,2009,625992,1143925,437298,59249,100.000,1143925,-5920,86555,80636
North Carolina,2009,212807,408913,167418,43273,100.000,408913,-1300,29988,28688
North Dakota,2009,16938,32364,13808,48670,100.000,32364,-706,2323,1617
Ohio,2009,269997,477902,176191,41453,100.000,477902,-1698,33412,31713
Oklahoma,2009,75834,143380,58284,38568,100.000,143380,-451,9712,9262
Oregon,2009,87792,181222,86763,47582,100.000,181222,-745,7411,6666
Pennsylvania,2009,322881,567764,209103,44823,100.000,567764,-2039,37818,35779
Rhode Island,2009,26495,47800,17619,45366,100.000,47800,-195,3881,3686
South Carolina,2009,91050,161045,58850,35087,100.000,161045,-482,11628,11146
South Dakota,2009,17388,36504,17124,45230,100.000,36504,-674,2666,1992
Tennessee,2009,133301,247321,96522,39220,100.000,247321,-746,18244,17498
Texas,2009,589461,1171474,493449,47233,100.000,1171474,-2758,91322,88564
Utah,2009,61238,114525,47009,42052,100.000,114525,-312,6590,6279
Vermont,2009,14866,25222,8052,40367,100.000,25222,-97,2401,2304
Virginia,2009,237692,409823,145714,51707,100.000,409823,-1110,27527,26417
Washington,2009,183147,351316,142471,52691,100.000,351316,-1595,27294,25699
West Virginia,2009,33895,63485,25030,34358,100.000,63485,-127,4687,4561
Wisconsin,2009,143074,245815,85038,43359,100.000,245815,-887,18590,17703
Wyoming,2009,15320,37214,18410,66472,100.000,37214,-81,3565,3484
Alabama,2010,97372,176221,68308,36228,102.236,173378,-482,11023,10541
Alaska,2010,23195,54220,25280,69682,98.474,49743,-112,5857,5745
Arizona,2010,134431,247333,95709,38170,100.677,244748,-726,17919,17192
Arkansas,2010,55301,104929,42274,35344,103.184,103285,-382,7736,7354
California,2010,1017602,1960935,819460,51733,100.932,1931514,-9202,133074,123872
Colorado,2010,138566,258148,103477,50194,101.329,253406,-837,16942,16105
Connecticut,2010,121450,230357,94423,63758,100.945,228211,-694,15179,14485
Delaware,2010,25590,57674,29060,63053,100.632,56730,-199,3223,3024
District of Columbia,2010,72427,104044,28817,168377,102.998,101904,-805,3605,2799
Florida,2010,399883,729761,263363,38314,100.051,722295,-2517,69032,66515
Georgia,2010,223497,407999,159637,41561,100.251,403740,-1178,26044,24866
Hawaii,2010,36795,67539,25504,48935,102.707,66745,-270,5509,5239
Idaho,2010,29139,55420,23315,34727,101.321,54543,-345,3311,2966
Illinois,2010,360982,653164,247167,50290,100.901,645733,-2689,47704,45015
Indiana,2010,142831,283111,123384,43130,106.283,279927,-868,17764,16897
Iowa,2010,72526,141382,60695,45779,102.228,139639,-1010,9170,8161
Kansas,2010,70241,128589,50141,44236,103.298,126469,-801,9008,8207
Kentucky,2010,92071,165787,61913,37523,104.551,163218,-463,12265,11802
Louisiana,2010,104880,231372,112708,48305,104.806,219576,-746,14530,13784
Maine,2010,29435,51304,17475,38256,101.111,50780,-174,4567,4394
Maryland,2010,174011,314471,122847,53775,102.635,311257,-1118,18731,17612
Massachusetts,2010,230367,399270,149448,60311,103.433,395887,-1561,21016,19456
Michigan,2010,218924,387167,139315,38985,105.087,385039,-1114,30042,28927
Minnesota,2010,153846,271481,100072,50447,103.251,267895,-1244,18806,17563
Mississippi,2010,51448,94954,36338,31392,101.170,93260,-372,7539,7167
Missouri,2010,143201,255631,98357,42164,101.300,252817,-913,14987,14074
Montana,2010,19667,37801,15861,37156,103.372,36806,-260,2532,2272
Nebraska,2010,46730,91498,39854,49178,103.801,89989,-806,5720,4914
Nevada,2010,63836,119771,45900,43842,99.201,118527,-291,10326,10035
New Hampshire,2010,36141,62679,22221,47286,102.590,62252,-164,4481,4317
New Jersey,2010,268942,492990,182980,55469,100.855,488326,-1713,42781,41068
New Mexico,2010,42236,86195,38726,40316,100.678,83251,-289,5521,5233
New York,2010,653372,1208079,468379,61444,104.208,1192065,-6037,92366,86329
North Carolina,2010,217646,417375,170382,43281,101.182,413747,-1258,30606,29347
North Dakota,2010,18317,36033,15839,51943,108.230,35027,-595,2472,1877
Ohio,2010,275108,494736,187347,42299,102.141,488134,-1554,33835,32281
Oklahoma,2010,78286,151318,63326,38658,101.363,145334,-460,10165,9706
Oregon,2010,88614,191393,95379,49686,105.202,190650,-689,8089,7400
Pennsylvania,2010,331591,588276,219331,45731,102.382,581287,-2105,39459,37354
Rhode Island,2010,27587,49329,17977,46324,102.056,48782,-193,3957,3765
South Carolina,2010,92106,165237,61682,35366,101.815,163968,-473,11922,11449
South Dakota,2010,18069,38044,17779,45443,101.607,37090,-538,2734,2196
Tennessee,2010,136523,254343,99450,39664,101.945,252131,-719,19089,18370
Texas,2010,608451,1251494,552488,47746,102.894,1205374,-2798,93353,90555
Utah,2010,61982,119037,50759,41993,101.727,116503,-309,6605,6296
Vermont,2010,15113,26406,8883,41819,103.757,26170,-104,2514,2410
Virginia,2010,243184,423506,153473,52279,102.375,419556,-1070,27917,26848
Washington,2010,187415,362114,147649,53051,101.807,357663,-1493,28542,27049
West Virginia,2010,34451,66961,27446,35210,102.836,65285,-118,5182,5064
Wisconsin,2010,144139,253801,91805,44296,102.521,252013,-924,18782,17857
Wyoming,2010,15633,39093,19966,64625,98.004,36471,-79,3574,3494
Alabama,2011,99577,181923,71407,36448,103.199,175012,-481,11420,10939
Alaska,2011,24534,59318,27264,71233,101.895,51471,-124,7645,7521
Arizona,2011,139784,255621,97397,38442,102.355,248828,-781,19221,18440
Arkansas,2011,56789,109378,44961,35867,105.289,105392,-391,8019,7629
California,2011,1069679,2031348,829773,51936,102.322,1958105,-9023,140919,131896
Colorado,2011,143085,266796,106807,50069,102.501,256338,-927,17832,16904
Connecticut,2011,125681,232271,91591,63092,100.203,226534,-775,15773,14998
Delaware,2011,26860,59763,29775,63603,102.424,57741,-199,3326,3128
District of Columbia,2011,75491,108029,29801,167337,104.935,103820,-853,3590,2737
Florida,2011,407525,735244,262190,37529,99.332,717109,-2656,68185,65529
Georgia,2011,231996,418917,161152,41592,101.348,408155,-1250,27019,25769
Hawaii,2011,38480,69689,25580,49110,104.156,67686,-279,5907,5629
Idaho,2011,29523,57081,24395,34481,101.447,54611,-337,3500,3163
Illinois,2011,376472,679269,256230,51172,102.820,658012,-2998,49566,46568
Indiana,2011,148403,291890,127551,43109,106.661,280925,-1079,17014,15935
Iowa,2011,74841,149402,66142,46693,104.769,143109,-1243,9662,8419
Kansas,2011,72808,137654,55990,45697,107.121,131149,-898,9755,8857
Kentucky,2011,95268,172255,64820,38007,106.392,166091,-561,12727,12167
Louisiana,2011,106210,236958,115597,45813,100.062,209638,-695,15845,15151
Maine,2011,29900,51481,17193,37798,99.942,50193,-200,4587,4387
Maryland,2011,181320,323942,124741,54062,104.176,315930,-1205,19086,17881
Massachusetts,2011,241499,413673,152069,61230,105.780,404871,-1389,21494,20105
Michigan,2011,228477,401360,144552,39953,107.686,394564,-1330,29660,28331
Minnesota,2011,161351,284491,104791,51268,105.674,274182,-1371,19721,18350
Mississippi,2011,52225,96840,37097,31111,100.521,92662,-349,7867,7518
Missouri,2011,144906,256996,97631,41564,100.099,249820,-1044,15504,14459
Montana,2011,20672,40842,17721,38198,107.032,38109,-271,2721,2449
Nebraska,2011,48080,99050,45894,50900,108.162,93770,-969,6044,5076
Nevada,2011,64109,122744,48064,43886,99.855,119308,-316,10888,10572
New Hampshire,2011,37207,64098,22405,47697,103.607,62870,-189,4675,4486
New Jersey,2011,274629,497571,180159,54775,100.035,484352,-1890,44674,42784
New Mexico,2011,43405,89543,40770,40227,101.110,83609,-296,5663,5367
New York,2011,674699,1231936,468113,61290,104.595,1196493,-6602,95726,89124
North Carolina,2011,223244,428731,176166,43302,102.206,417933,-1301,30621,29320
North Dakota,2011,20915,42123,18809,57012,120.711,39067,-670,3070,2399
Ohio,2011,286877,521870,201679,43610,105.349,503464,-1828,35142,33314
Oklahoma,2011,82761,165278,72269,40303,106.436,152608,-499,10747,10248
Oregon,2011,92007,200267,100617,51362,109.616,198649,-701,8344,7643
Pennsylvania,2011,345294,607403,222903,46239,103.788,589271,-2336,41543,39206
Rhode Island,2011,27975,49931,18060,46244,101.778,48649,-208,4104,3896
South Carolina,2011,96215,171153,62931,35812,103.916,167352,-505,12511,12007
South Dakota,2011,18962,42453,21248,48195,108.813,39721,-681,2924,2243
Tennessee,2011,141946,264958,103526,40465,104.686,258910,-851,20337,19486
Texas,2011,641839,1351048,611489,48595,106.433,1246833,-3075,100795,97721
Utah,2011,65463,125497,53172,42521,104.527,119710,-336,7198,6862
Vermont,2011,15838,27565,9263,42962,106.705,26914,-108,2572,2464
Virginia,2011,248671,431961,156407,52093,103.090,422485,-1166,28049,26883
Washington,2011,194332,372287,149415,52822,102.574,360358,-1545,30085,28540
West Virginia,2011,36279,70891,29248,36048,105.328,66868,-147,5512,5365
Wisconsin,2011,150597,263635,94363,45115,104.775,257554,-1048,19722,18675
Wyoming,2011,16275,41578,21279,64163,97.868,36421,-90,4113,4023
Alabama,2012,100711,187283,75411,36695,104.240,176777,-470,11631,11161
Alaska,2012,25816,61614,28082,74289,107.518,54311,-118,7834,7716
Arizona,2012,145444,266131,101913,38732,104.455,253933,-708,19481,18773
Arkansas,2012,59241,111541,44313,35753,105.345,105448,-398,8386,7988
California,2012,1123328,2121602,869092,52660,104.741,2004400,-8565,137746,129182
Colorado,2012,150945,277647,110850,50547,104.936,262427,-900,16752,15852
Connecticut,2012,128467,238322,93028,63178,100.446,227085,-724,17551,16827
Delaware,2012,27628,60774,29763,62327,101.369,57146,-183,3566,3384
District of Columbia,2012,76626,109760,30030,163461,104.918,103804,-761,3865,3104
Florida,2012,424499,764646,273929,37702,101.080,729727,-2552,68770,66218
Georgia,2012,240264,434978,167803,41740,102.804,414023,-1267,28178,26911
Hawaii,2012,39861,72100,26132,49216,105.479,68546,-276,6384,6107
Idaho,2012,30288,58545,24973,34355,101.830,54817,-334,3619,3285
Illinois,2012,391104,712604,272146,52264,105.137,672840,-2738,52092,49354
Indiana,2012,155659,299906,127292,43056,106.875,281487,-1012,17967,16955
Iowa,2012,78797,159096,71196,48254,108.662,148427,-1230,10332,9102
Kansas,2012,75006,141600,57437,45701,107.727,131891,-895,10052,9157
Kentucky,2012,98628,178210,66790,38310,107.570,167931,-532,13323,12791
Louisiana,2012,109937,243308,117967,45813,100.692,210956,-705,16109,15404
Maine,2012,30615,52606,17406,37748,99.860,50152,-188,4773,4585
Maryland,2012,185722,331424,127324,53824,104.570,317123,-1168,19545,18377
Massachusetts,2012,251168,432256,160249,62205,108.173,414029,-1711,22550,20839
Michigan,2012,236397,417328,152066,40537,109.360,400697,-1183,30049,28866
Minnesota,2012,165881,294729,110353,51598,107.002,277627,-1483,19977,18494
Mississippi,2012,54251,102083,40135,31990,103.627,95526,-365,8063,7697
Missouri,2012,150608,265178,99796,41756,100.810,251594,-948,15722,14774
Montana,2012,21684,42138,17942,38318,108.176,38516,-283,2794,2511
Nebraska,2012,50907,102163,45971,50733,108.582,94134,-883,6169,5285
Nevada,2012,66270,125205,48575,43209,99.640,119051,-264,10624,10360
New Hampshire,2012,37867,66013,23491,47990,104.497,63410,-168,4822,4654
New Jersey,2012,283849,518423,190819,55571,101.871,493246,-1764,45519,43754
New Mexico,2012,44646,90535,40097,40226,101.407,83854,-276,6068,5792
New York,2012,695420,1299814,511175,62777,107.602,1230882,-6396,99615,93219
North Carolina,2012,233464,439332,176006,42746,101.903,416695,-1328,31190,29862
North Dakota,2012,24376,52197,25012,67753,146.901,47543,-826,3636,2809
Ohio,2012,298309,544552,212024,44394,107.301,512793,-1653,35872,34219
Oklahoma,2012,87253,173911,75574,41769,111.196,159433,-575,11659,11085
Oregon,2012,97003,196982,91779,49403,106.283,192608,-682,8882,8201
Pennsylvania,2012,354585,626316,230772,46648,104.920,595700,-2115,43073,40958
Rhode Island,2012,28645,51492,18769,46681,102.799,49138,-190,4268,4079
South Carolina,2012,98880,175434,64119,35512,104.138,167708,-472,12907,12435
South Dakota,2012,19734,43258,21164,47171,107.837,39365,-681,3042,2361
Tennessee,2012,151106,280843,109393,41469,108.235,267689,-761,21105,20344
Texas,2012,685021,1440819,652408,50356,112.167,1314004,-3064,106453,103389
Utah,2012,68775,129012,52819,42282,105.413,120725,-322,7741,7419
Vermont,2012,16322,28146,9223,42978,106.693,26910,-97,2697,2600
Virginia,2012,255615,444528,161468,51942,103.845,425580,-1131,28576,27445
Washington,2012,205367,390154,154799,53622,105.260,369797,-1498,31486,29988
West Virginia,2012,37679,70915,27752,35479,103.740,65859,-139,5623,5484
Wisconsin,2012,155989,273880,98892,45639,106.290,261278,-975,19973,18998
Wyoming,2012,17106,39909,18940,60362,93.573,34822,-78,3941,3863
Alabama,2013,101959,191605,78180,36865,105.082,178205,-520,11986,11466
Alaska,2013,26254,59891,25461,69746,101.795,51421,-113,8289,8176
Arizona,2013,149890,271072,102430,38303,104.541,254141,-742,19494,18752
Arkansas,2013,60282,116651,47961,36571,108.098,108204,-462,8870,8408
California,2013,1161457,2215232,916216,53487,107.415,2055578,-8628,146187,137559
Colorado,2013,156902,288809,115463,50807,107.108,267858,-921,17365,16444
Connecticut,2013,130467,242417,94914,62847,100.059,226209,-700,17736,17036
Delaware,2013,28103,61424,29816,61004,100.122,56443,-191,3695,3505
District of Columbia,2013,77771,111816,30773,159340,104.540,103430,-754,4026,3272
Florida,2013,440231,797344,288577,38090,103.415,746585,-2445,70981,68536
Georgia,2013,249862,450934,173657,42082,104.436,420595,-1229,28643,27415
Hawaii,2013,40974,74012,26806,49035,106.315,69089,-266,6498,6232
Idaho,2013,31729,61111,25942,34838,104.376,56188,-334,3773,3439
Illinois,2013,396933,720495,272734,51812,104.362,667880,-2998,53826,50827
Indiana,2013,158189,310669,135041,43774,109.206,287628,-1168,18607,17439
Iowa,2013,80526,163495,73705,48285,109.310,149313,-1337,10601,9264
Kansas,2013,77394,142774,56046,45173,106.846,130813,-1048,10382,9334
Kentucky,2013,99240,182696,70296,38564,108.680,169664,-590,13750,13160
Louisiana,2013,112612,238308,109453,44408,98.124,205576,-663,16906,16243
Maine,2013,31348,53300,17292,37447,99.071,49755,-190,4850,4659
Maryland,2013,187677,337422,130687,53342,104.457,316782,-1170,20227,19057
Massachusetts,2013,257422,438641,159527,61352,107.539,411601,-1716,23407,21691
Michigan,2013,241534,431112,160172,41117,111.076,406985,-1220,30626,29405
Minnesota,2013,170693,307216,115674,52479,109.667,284542,-1473,22321,20848
Mississippi,2013,54899,103270,40405,31777,103.147,95083,-421,8387,7966
Missouri,2013,154626,274540,104504,42231,102.287,255281,-1047,16457,15410
Montana,2013,22162,43223,18465,38395,109.438,38965,-311,2907,2596
Nebraska,2013,51876,107188,49836,51694,111.444,96615,-1015,6491,5475
Nevada,2013,67551,126935,48346,42505,99.305,118651,-270,11308,11038
New Hampshire,2013,38651,67307,23831,47975,104.568,63453,-164,4988,4824
New Jersey,2013,289543,530091,194607,55562,102.262,495140,-1731,47672,45941
New Mexico,2013,44576,91344,40663,39808,100.466,83076,-267,6373,6105
New York,2013,710449,1335063,527062,62610,107.799,1233138,-6388,103941,97553
North Carolina,2013,237980,454450,186119,42852,103.211,422044,-1322,31672,30350
North Dakota,2013,26206,54441,25258,67041,149.945,48528,-914,3891,2977
Ohio,2013,307418,558969,214928,44736,108.325,517687,-1678,38302,36623
Oklahoma,2013,90247,182447,80806,42475,114.144,163660,-571,11966,11395
Oregon,2013,100293,197733,88928,48323,104.742,189816,-668,9180,8512
Pennsylvania,2013,363193,645382,239949,47159,106.163,602755,-2116,44357,42241
Rhode Island,2013,29330,52809,19267,46909,103.373,49412,-189,4401,4212
South Carolina,2013,101837,180856,66103,35519,105.246,169493,-474,13390,12916
South Dakota,2013,20070,44909,22449,47172,109.260,39884,-840,3230,2391
Tennessee,2013,153591,289266,115018,41642,109.397,270562,-771,21428,20657
Texas,2013,712826,1527158,706430,51695,116.965,1370216,-3120,111023,107903
Utah,2013,72282,134922,55071,42796,108.473,124229,-335,7904,7570
Vermont,2013,16858,28611,9063,42771,106.301,26811,-98,2788,2690
Virginia,2013,259301,451877,164383,51347,103.619,424654,-1121,29315,28194
Washington,2013,213058,402789,158347,53760,106.716,374911,-1442,32826,31384
West Virginia,2013,37958,72763,29171,36038,105.222,66800,-140,5774,5634
Wisconsin,2013,159751,281549,101921,45811,107.027,263089,-989,20866,19878
Wyoming,2013,17558,40457,18864,59961,93.971,34971,-81,4116,4035
Alabama,2014,106588,197535,78596,37083,106.041,179832,-492,12842,12350
Alaska,2014,26840,58067,23245,67366,98.251,49630,-111,8092,7981
Arizona,2014,156393,281559,105913,38438,106.434,258744,-730,19982,19252
Arkansas,2014,62273,121065,50359,37252,110.394,110502,-446,8879,8433
California,2014,1222127,2324995,960798,54606,110.722,2118858,-8734,150805,142070
Colorado,2014,167402,305367,120950,52060,111.493,278825,-891,17905,17014
Connecticut,2014,135212,250764,97266,63650,101.261,228927,-684,18970,18286
Delaware,2014,29538,65485,32389,62904,104.398,58854,-194,3752,3558
District of Columbia,2014,81036,116539,32246,159831,106.442,105312,-767,4025,3258
Florida,2014,462143,835578,302819,38497,106.083,765840,-2392,73008,70616
Georgia,2014,263043,471879,180865,42694,107.043,431094,-1195,29167,27972
Hawaii,2014,42434,76425,27654,49073,107.196,69662,-264,6600,6336
Idaho,2014,32964,63364,26944,35083,106.520,57342,-343,3800,3456
Illinois,2014,409534,742028,280726,52359,105.384,674419,-2756,54525,51768
Indiana,2014,165377,324289,141133,44539,111.556,293817,-1063,18841,17779
Iowa,2014,84855,170715,75986,49397,112.362,153482,-1204,11079,9875
Kansas,2014,79803,146562,57217,45570,108.090,132336,-841,10383,9542
Kentucky,2014,102839,188518,72251,38860,109.861,171507,-538,13967,13429
Louisiana,2014,117767,245791,112484,45067,100.018,209545,-642,16182,15540
Maine,2014,32111,55029,17979,37807,100.128,50286,-189,5128,4939
Maryland,2014,194588,350262,135576,53879,106.179,322004,-1144,21243,20099
Massachusetts,2014,269500,456273,164351,62145,109.522,419192,-1706,24127,22422
Michigan,2014,252109,447221,163463,41695,112.769,413188,-1181,32831,31649
Minnesota,2014,179076,320381,120339,53499,112.524,291955,-1318,22284,20966
Mississippi,2014,56427,104938,40292,31651,102.803,94766,-387,8606,8219
Missouri,2014,159383,283280,107997,42582,103.457,258201,-1052,16953,15900
Montana,2014,22969,44672,19022,38820,111.599,39735,-283,2964,2681
Nebraska,2014,54361,110663,50626,52317,113.542,98434,-917,6594,5677
Nevada,2014,71993,134052,49504,43216,102.689,122695,-291,12847,12556
New Hampshire,2014,40548,70345,24805,48982,107.102,64990,-159,5152,4993
New Jersey,2014,299527,545374,197099,55841,103.084,499117,-1727,50476,48749
New Mexico,2014,45985,94792,42170,40866,103.069,85228,-274,6911,6636
New York,2014,749761,1385776,543994,63217,109.124,1248299,-6527,98549,92021
North Carolina,2014,251346,474355,192440,43332,105.374,430887,-1341,31911,30569
North Dakota,2014,28890,58230,25915,69550,158.916,51431,-795,4220,3425
Ohio,2014,319401,588827,231418,46137,111.930,534916,-1632,39640,38008
Oklahoma,2014,94082,190171,84600,43588,117.894,169037,-541,12030,11489
Oregon,2014,104605,203328,89957,48264,105.736,191618,-685,9451,8766
Pennsylvania,2014,374890,672413,254564,48203,108.562,616378,-2109,45068,42959
Rhode Island,2014,30556,55098,20276,47852,105.633,50492,-185,4451,4267
South Carolina,2014,106890,189656,68893,35962,107.911,173785,-445,14318,13873
South Dakota,2014,21208,45600,21931,46917,109.656,40028,-768,3229,2461
Tennessee,2014,159124,300016,120376,41955,111.100,274775,-734,21250,20516
Texas,2014,760196,1601977,719458,52742,121.365,1421759,-3094,125416,122323
Utah,2014,75463,140565,57559,43154,110.890,126997,-339,7881,7542
Vermont,2014,17266,29662,9658,43435,107.899,27215,-101,2838,2738
Virginia,2014,265434,462243,168242,51101,103.820,425478,-1092,29658,28567
Washington,2014,225766,422767,165352,54662,109.873,386000,-1428,33076,31648
West Virginia,2014,37949,74433,30874,36337,105.908,67236,-137,5747,5610
Wisconsin,2014,165100,293341,107247,46676,109.327,268742,-977,21971,20994
Wyoming,2014,18209,40876,18637,60189,94.480,35160,-85,4115,4030
Alabama,2015,(NA),204235,(NA),37597,107.739,182711,(NA),(NA),(NA)
Alaska,2015,(NA),52804,(NA),66835,97.713,49359,(NA),(NA),(NA)
Arizona,2015,(NA),290578,(NA),38244,107.437,261182,(NA),(NA),(NA)
Arkansas,2015,(NA),123207,(NA),37644,112.018,112128,(NA),(NA),(NA)
California,2015,(NA),2458535,(NA),56365,115.316,2206766,(NA),(NA),(NA)
Colorado,2015,(NA),314878,(NA),52920,115.486,288810,(NA),(NA),(NA)
Connecticut,2015,(NA),258532,(NA),64115,101.851,230261,(NA),(NA),(NA)
Delaware,2015,(NA),68071,(NA),63463,106.508,60043,(NA),(NA),(NA)
District of Columbia,2015,(NA),122510,(NA),160563,109.114,107955,(NA),(NA),(NA)
Florida,2015,(NA),882798,(NA),38950,109.395,789751,(NA),(NA),(NA)
Georgia,2015,(NA),495727,(NA),43301,109.844,442374,(NA),(NA),(NA)
Hawaii,2015,(NA),79745,(NA),49479,109.016,70845,(NA),(NA),(NA)
Idaho,2015,(NA),65242,(NA),35305,108.552,58436,(NA),(NA),(NA)
Illinois,2015,(NA),775007,(NA),53640,107.804,689907,(NA),(NA),(NA)
Indiana,2015,(NA),336411,(NA),45136,113.455,298817,(NA),(NA),(NA)
Iowa,2015,(NA),174103,(NA),49500,113.218,154651,(NA),(NA),(NA)
Kansas,2015,(NA),147765,(NA),45558,108.359,132666,(NA),(NA),(NA)
Kentucky,2015,(NA),194643,(NA),39181,111.072,173398,(NA),(NA),(NA)
Louisiana,2015,(NA),243317,(NA),45606,101.688,213045,(NA),(NA),(NA)
Maine,2015,(NA),56600,(NA),37958,100.484,50465,(NA),(NA),(NA)
Maryland,2015,(NA),363845,(NA),54388,107.735,326724,(NA),(NA),(NA)
Massachusetts,2015,(NA),476743,(NA),62918,111.703,427541,(NA),(NA),(NA)
Michigan,2015,(NA),466536,(NA),42226,114.368,419045,(NA),(NA),(NA)
Minnesota,2015,(NA),333267,(NA),54431,115.177,298839,(NA),(NA),(NA)
Mississippi,2015,(NA),107100,(NA),31894,103.546,95451,(NA),(NA),(NA)
Missouri,2015,(NA),293378,(NA),42984,104.792,261533,(NA),(NA),(NA)
Montana,2015,(NA),45933,(NA),39792,115.459,41109,(NA),(NA),(NA)
Nebraska,2015,(NA),113998,(NA),52996,115.928,100502,(NA),(NA),(NA)
Nevada,2015,(NA),141282,(NA),43632,105.586,126156,(NA),(NA),(NA)
New Hampshire,2015,(NA),72573,(NA),49225,107.952,65506,(NA),(NA),(NA)
New Jersey,2015,(NA),568155,(NA),56721,104.956,508182,(NA),(NA),(NA)
New Mexico,2015,(NA),92231,(NA),41166,103.822,85851,(NA),(NA),(NA)
New York,2015,(NA),1441003,(NA),63929,110.647,1265723,(NA),(NA),(NA)
North Carolina,2015,(NA),499449,(NA),44054,108.211,442489,(NA),(NA),(NA)
North Dakota,2015,(NA),54830,(NA),66507,155.573,50349,(NA),(NA),(NA)
Ohio,2015,(NA),608109,(NA),46867,113.906,544360,(NA),(NA),(NA)
Oklahoma,2015,(NA),180425,(NA),43788,119.468,171294,(NA),(NA),(NA)
Oregon,2015,(NA),215331,(NA),49482,110.027,199393,(NA),(NA),(NA)
Pennsylvania,2015,(NA),689173,(NA),48944,110.379,626689,(NA),(NA),(NA)
Rhode Island,2015,(NA),57049,(NA),48329,106.812,51056,(NA),(NA),(NA)
South Carolina,2015,(NA),198714,(NA),36174,109.995,177141,(NA),(NA),(NA)
South Dakota,2015,(NA),46674,(NA),47460,111.627,40748,(NA),(NA),(NA)
Tennessee,2015,(NA),314191,(NA),42457,113.322,280268,(NA),(NA),(NA)
Texas,2015,(NA),1586468,(NA),53707,125.955,1475535,(NA),(NA),(NA)
Utah,2015,(NA),147108,(NA),43798,114.587,131231,(NA),(NA),(NA)
Vermont,2015,(NA),30401,(NA),43553,108.114,27269,(NA),(NA),(NA)
Virginia,2015,(NA),479809,(NA),51480,105.316,431610,(NA),(NA),(NA)
Washington,2015,(NA),443665,(NA),55403,113.095,397321,(NA),(NA),(NA)
West Virginia,2015,(NA),73741,(NA),36486,106.000,67294,(NA),(NA),(NA)
Wisconsin,2015,(NA),305795,(NA),47414,111.332,273671,(NA),(NA),(NA)
Wyoming,2015,(NA),38624,(NA),60231,94.873,35306,(NA),(NA),(NA)
Alabama,2016,,207608.0,,,108.35700000000001,182381.0,,,
Alaska,2016,,51506.0,,,93.385,47125.0,,,
Arizona,2016,,309103.0,,,111.729,270953.0,,,
Arkansas,2016,,121448.0,,,110.87799999999999,108682.0,,,
California,2016,,2656080.0,,,122.055,2333841.0,,,
Colorado,2016,,330319.0,,,119.59700000000001,295727.0,,,
Connecticut,2016,,266597.0,,,99.33200000000001,232002.0,,,
Delaware,2016,,71769.0,,,106.852,61279.0,,,
District of Columbia,2016,,128597.0,,,111.859,110087.0,,,
Florida,2016,,947007.0,,,114.713,827949.0,,,
Georgia,2016,,532805.0,,,114.853,464666.0,,,
Hawaii,2016,,84889.0,,,112.611,73627.0,,,
Idaho,2016,,68450.0,,,112.16799999999999,60439.0,,,
Illinois,2016,,798999.0,,,108.82,694309.0,,,
Indiana,2016,,346591.0,,,115.505,302701.0,,,
Iowa,2016,,181007.0,,,115.917,158887.0,,,
Kansas,2016,,154574.0,,,110.541,137055.0,,,
Kentucky,2016,,201545.0,,,112.348,175621.0,,,
Louisiana,2016,,237569.0,,,97.59700000000001,205812.0,,,
Maine,2016,,59857.0,,,103.154,51995.0,,,
Maryland,2016,,384386.0,,,111.757,336309.0,,,
Massachusetts,2016,,516483.0,,,116.902,450889.0,,,
Michigan,2016,,495300.0,,,119.82600000000001,435144.0,,,
Minnesota,2016,,341318.0,,,116.27,300168.0,,,
Mississippi,2016,,108215.0,,,101.669,95232.0,,,
Missouri,2016,,304431.0,,,105.96799999999999,265381.0,,,
Montana,2016,,46506.0,,,114.20200000000001,41203.0,,,
Nebraska,2016,,116769.0,,,117.544,102217.0,,,
Nevada,2016,,151348.0,,,109.07700000000001,131114.0,,,
New Hampshire,2016,,79155.0,,,112.305,69860.0,,,
New Jersey,2016,,588706.0,,,106.583,513884.0,,,
New Mexico,2016,,94974.0,,,104.211,86326.0,,,
New York,2016,,1494981.0,,,110.72200000000001,1271535.0,,,
North Carolina,2016,,526809.0,,,111.286,453874.0,,,
North Dakota,2016,,52796.0,,,146.536,47608.0,,,
Ohio,2016,,638185.0,,,116.6,559130.0,,,
Oklahoma,2016,,185602.0,,,121.68700000000001,174801.0,,,
Oregon,2016,,229837.0,,,115.331,208775.0,,,
Pennsylvania,2016,,740039.0,,,115.00399999999999,660084.0,,,
Rhode Island,2016,,58527.0,,,106.76100000000001,50935.0,,,
South Carolina,2016,,212529.0,,,115.34899999999999,185065.0,,,
South Dakota,2016,,48893.0,,,114.77600000000001,42107.0,,,
Tennessee,2016,,333966.0,,,117.822,290480.0,,,
Texas,2016,,1652657.0,,,129.631,1512166.0,,,
Utah,2016,,160002.0,,,122.101,138212.0,,,
Vermont,2016,,31483.0,,,108.116,27599.0,,,
Virginia,2016,,500833.0,,,107.43799999999999,437598.0,,,
Washington,2016,,476550.0,,,120.005,418174.0,,,
West Virginia,2016,,75199.0,,,104.676,66852.0,,,
Wisconsin,2016,,314104.0,,,112.40299999999999,275383.0,,,
Wyoming,2016,,38463.0,,,91.648,34028.0,,,
